model,best_bg_count,best_bg_mse,bg_mse_at_64,acc_at_64,cup_mse_at_64,total_mse_change_0_to_max
wpu-routed,32,0.000269,0.000568,0.750781,0.018155,0.000503
wpu-sparse,32,0.000269,0.000568,0.750781,0.018155,0.000503
wpu-hybrid,64,0.002344,0.002344,0.709375,0.018646,-0.001233
graph-transformer,32,0.000839,0.001014,0.7,0.003176,-0.000879
serialized-token,64,0.000514,0.000514,0.717188,0.002058,-0.000852
