branch_disagreement_rate,causal_k,dense_accuracy,dense_break_rate,dense_fix_rate,dense_lower_loss_rate,dense_needed_rate,hidden_dim,interaction_mode,layers,samples,seed,sparse_accuracy,status,total_objects_n,working_set_size
0.211111,8,0.455556,0.077778,0.066667,0.511111,0.144444,128,pairwise,1,90,11,0.466667,ok,2048,32
0.133333,8,0.477778,0.066667,0.033333,0.611111,0.188889,128,pairwise,1,90,13,0.511111,ok,2048,32
0.188889,16,0.433333,0.111111,0.022222,0.5,0.155556,128,pairwise,1,90,11,0.522222,ok,2048,32
0.544444,16,0.433333,0.3,0.144444,0.611111,0.311111,128,pairwise,1,90,13,0.588889,ok,2048,32
0.266667,32,0.411111,0.144444,0.055556,0.4,0.066667,128,pairwise,1,90,11,0.5,ok,2048,32
0.533333,32,0.433333,0.211111,0.155556,0.555556,0.333333,128,pairwise,1,90,13,0.488889,ok,2048,32
