causal_k,seeds,samples,sparse_accuracy,dense_accuracy,dense_needed_rate,dense_fix_rate,dense_break_rate,dense_lower_loss_rate,branch_disagreement_rate
8,2,180,0.488889,0.466667,0.166666,0.05,0.072222,0.561111,0.172222
16,2,180,0.555555,0.433333,0.233334,0.083333,0.205556,0.555555,0.366667
32,2,180,0.494445,0.422222,0.2,0.105556,0.177777,0.477778,0.4
