model,threshold,label_rate,predicted_dense_rate,accuracy,balanced_accuracy,precision,recall,f1
interaction_density,0.05,0.261111,1.0,0.261111,0.5,0.261111,1.0,0.41382
interaction_density,0.1,0.261111,0.990741,0.266667,0.501283,0.261718,0.992424,0.413909
interaction_density,0.15,0.261111,0.838889,0.32963,0.488378,0.255858,0.821515,0.389995
interaction_density,0.2,0.261111,0.294444,0.577778,0.476952,0.222971,0.262728,0.240632
interaction_density,0.3,0.261111,0.005555,0.733333,0.49621,0.0,0.0,0.0
mlp,0.2,0.261111,0.553704,0.537038,0.58016,0.317094,0.672424,0.43096
mlp,0.3,0.261111,0.485185,0.553704,0.560256,0.308866,0.574545,0.401653
mlp,0.4,0.261111,0.431482,0.574074,0.554194,0.309175,0.511818,0.384954
mlp,0.5,0.261111,0.374074,0.594444,0.545797,0.306907,0.442424,0.361646
